{"cameraMode":{"drawMode":0,"name":"Shaded","section":"Shading Mode"},"sceneLighting":true,"audioPlay":false,"sceneViewState":{"m_AlwaysRefresh":false,"showFog":true,"showSkybox":true,"showFlares":true,"showImageEffects":true,"showParticleSystems":true,"showVisualEffectGraphs":true,"m_FxEnabled":true},"in2DMode":false,"pivot":{"x":1.0491225719451905,"y":-2.600107192993164,"z":9.188779830932618},"rotation":{"x":-0.2734530568122864,"y":-0.05796567350625992,"z":0.016510305926203729,"w":-0.9599985480308533},"size":10.488192558288575,"orthographic":false}